main,12
college,8
linden,7
market,7
vernon,5
washington,4
beaufort,3
school,3
willow,3
towanda,3
locust,2
front,2
adelaide,2
center,2
clearwater,2
allin,2
vetrans parkway,2
jefferson,2
howard,2
broadway,2
monroe,2
hovey,2
 linden,2
lee,2
raab,2
midway,2
community college drive,2
lindberg blvd,2
gregory,2
bunn,1
jackson,1
 mill,1
moss creek,1
airport,1
lindell,1
grandview,1
caroline,1
martin luther king,1
catherine,1
copper creek,1
poplar,1
white oak,1
shelbourne,1
summit,1
northfield,1
sheringham drive,1
sillwell,1
praire,1
osage,1
emerson,1
eastview,1
kenneth,1
hershey,1
long cove ct,1
fort jesse,1
lang's alley,1
beech,1
mulberry,1
 alexander,1
clayton,1
montgomery,1
ewing,1
hester,1
cottage,1
bissell,1
i.a.a. drive,1
northbrook,1
 clinton,1
braden,1
truckers lane,1
 plaza drive,1
lincoln ave.,1
steward,1
colton,1
 kingsley,1
parkway plaza,1
low,1
constitution blvd,1
merna lane,1
lisa,1
beyer,1
auburn,1
mirium dr,1
front and,1
 main,1
empire,1
kingsley,1
mercer,1
oak,1
circle drive,1
coolidge,1
olive,1
croxton,1
wood,1
mcgregor,1
 washington,1
hamilton rd,1
kenneth drive,1
gridley,1
robinson,1
garden,1
constitution trail at the t,1
kays dr.,1
ireland grove,1
dale,1
raad,1
brown,1
vetrans,1
barker,1
university str,1
hanson,1
oakland,1
 walnut,1
custer,1
